<?xml version='1.0' encoding='UTF-8' ?>
<timeLogEntries>
  <time id="1" path="/Non Project/PSP Training/Program 1/Planning" start="@1598110260968" delta="6" />
  <time id="2" path="/Non Project/PSP Training/Program 1/Design" start="@1598111092101" delta="5" />
  <time id="3" path="/Non Project/PSP Training/Program 1/Design" start="@1598121313909" delta="5" />
  <time id="4" path="/Non Project/PSP Training/Program 1/Code" start="@1598121830000" delta="32" comment="Initial code" />
  <time id="5" path="/Non Project/PSP Training/Program 1/Code" start="@1598130214000" delta="14" comment="Initial code" />
  <time id="6" path="/Non Project/PSP Training/Program 1/Code" start="@1598134763000" delta="7" comment="Class BlankLines + CommentLines" />
  <time id="12" path="/Non Project/PSP Training/Program 1/Test" start="@1598206058503" delta="10" comment="Fix bug" />
  <time id="13" path="/Non Project/PSP Training/Program 1/Test" start="@1598207031593" delta="2" />
  <time id="14" path="/Non Project/PSP Training/Program 1/Postmortem" start="@1598207268085" delta="10" />
  <time id="15" path="/Non Project/PSP Training/Program 1/Postmortem" start="@1598208625683" delta="4" />
  <time id="16" path="/Non Project/PSP Training/Program 2/Planning" start="@1598837683702" delta="6" />
  <time id="17" path="/Non Project/PSP Training/Program 2/Planning" start="@1598841633015" delta="6" />
  <time id="18" path="/Non Project/PSP Training/Program 2/Planning" start="@1598842730049" delta="2" />
  <time id="19" path="/Non Project/PSP Training/Program 2/Design" start="@1598889906611" delta="17" />
  <time id="20" path="/Non Project/PSP Training/Program 2/Code" start="@1598891297916" delta="33" />
  <time id="21" path="/Non Project/PSP Training/Program 2/Code" start="@1598894097343" delta="4" />
  <time id="22" path="/Non Project/PSP Training/Program 2/Code" start="@1598895415364" delta="15" />
  <time id="23" path="/Non Project/PSP Training/Program 2/Code" start="@1598896833971" delta="49" />
  <time id="24" path="/Non Project/PSP Training/Program 2/Code" start="@1598901960580" delta="27" />
  <time id="25" path="/Non Project/PSP Training/Program 2/Compile" start="@1598904676262" delta="5" />
  <time id="26" path="/Non Project/PSP Training/Program 2/Test" start="@1598915491327" delta="4" />
  <time id="27" path="/Non Project/PSP Training/Program 2/Test" start="@1598916395024" delta="11" />
  <time id="28" path="/Non Project/PSP Training/Program 2/Test" start="@1598918673893" delta="9" />
  <time id="29" path="/Non Project/PSP Training/Program 2/Postmortem" start="@1598921024065" delta="12" />
  <time id="30" path="/Non Project/PSP Training/Program 2/Postmortem" start="@1598922084805" delta="7" />
  <time id="31" path="/Non Project/PSP Training/Program 3/Planning" start="@1599440485344" delta="13" />
  <time id="32" path="/Non Project/PSP Training/Program 3/Design" start="@1599442893276" delta="3" />
  <time id="33" path="/Non Project/PSP Training/Program 3/Design" start="@1599499572136" delta="28" />
  <time id="34" path="/Non Project/PSP Training/Program 3/Design Review" start="@1599501689147" delta="3" />
  <time id="35" path="/Non Project/PSP Training/Program 3/Code" start="@1599518638865" delta="30" interrupt="3" />
  <time id="36" path="/Non Project/PSP Training/Program 3/Code" start="@1599521532107" delta="7" />
  <time id="37" path="/Non Project/PSP Training/Program 3/Code" start="@1599523004709" delta="3" />
  <time id="38" path="/Non Project/PSP Training/Program 3/Code" start="@1599526461071" delta="13" />
  <time id="39" path="/Non Project/PSP Training/Program 3/Code" start="@1599528308073" delta="10" />
  <time id="40" path="/Non Project/PSP Training/Program 3/Code Review" start="@1599529014279" delta="7" />
  <time id="41" path="/Non Project/PSP Training/Program 3/Test" start="@1599529428298" delta="5" interrupt="7" />
  <time id="42" path="/Non Project/PSP Training/Program 3/Postmortem" start="@1599530253009" delta="16" interrupt="1" />
  <time id="43" path="/Non Project/PSP Training/Program 4/Planning" start="@1600359085643" delta="4" />
  <time id="44" path="/Non Project/PSP Training/Program 4/Planning" start="@1600359683224" delta="7" />
  <time id="45" path="/Non Project/PSP Training/Program 4/Design" start="@1600360113311" delta="2" />
  <time id="46" path="/Non Project/PSP Training/Program 4/Design" start="@1600364791641" delta="2" />
  <time id="47" path="/Non Project/PSP Training/Program 4/Design" start="@1600366028348" delta="7" />
  <time id="48" path="/Non Project/PSP Training/Program 4/Design" start="@1600368716431" delta="9" />
  <time id="49" path="/Non Project/PSP Training/Program 4/Design" start="@1600375103346" delta="21" interrupt="4" />
  <time id="50" path="/Non Project/PSP Training/Program 4/Design Review" start="@1600376680727" delta="15" />
  <time id="51" path="/Non Project/PSP Training/Program 4/Code" start="@1600615426629" delta="14" />
  <time id="52" path="/Non Project/PSP Training/Program 4/Code" start="@1600616756789" delta="20" interrupt="1" />
  <time id="53" path="/Non Project/PSP Training/Program 4/Code" start="@1600619878440" delta="18" />
  <time id="54" path="/Non Project/PSP Training/Program 4/Code" start="@1600629211035" delta="10" />
  <time id="55" path="/Non Project/PSP Training/Program 4/Code Review" start="@1600650250520" delta="4" />
  <time id="56" path="/Non Project/PSP Training/Program 4/Test" start="@1600650529569" delta="3" interrupt="12" />
  <time id="57" path="/Non Project/PSP Training/Program 4/Postmortem" start="@1600651542108" delta="20" />
</timeLogEntries>
