<?xml version='1.0' encoding='UTF-8' ?>
<timeLogEntries>
  <time id="93" path="/Non Project/PSP Training/Report/Recolectar Datos" start="@1605388040582" delta="2" flag="A" />
  <time id="94" path="/Non Project/PSP Training/Report/Recolectar Datos" start="@1605388819522" delta="41" interrupt="3" flag="A" />
  <time id="95" path="/Non Project/PSP Training/Report/Recolectar Datos" start="@1605395684656" delta="11" interrupt="36" flag="A" />
  <time id="96" path="/Non Project/PSP Training/Report/Recolectar Datos" start="@1605458128361" delta="20" flag="A" />
  <time id="97" path="/Non Project/PSP Training/Report/Escribir Reporte" start="@1605459741893" delta="58" flag="A" />
  <time id="98" path="/Non Project/PSP Training/Report/Postmortem" start="@1605463411216" delta="2" flag="A" />
  <time id="99" path="/Non Project/PSP Training/Report/Postmortem" start="@1605463724817" delta="2" interrupt="8" flag="A" />
  <time id="100" path="/Non Project/PSP Training/Report/Postmortem" start="@1605465812729" delta="3" interrupt="2" flag="A" />
</timeLogEntries>
