<?xml version='1.0' encoding='UTF-8' ?>
<timeLogEntries>
  <time id="33" path="/Non Project/PSP Training/Program 3/Design" start="@1599499572136" delta="28" flag="A" />
  <time id="34" path="/Non Project/PSP Training/Program 3/Design Review" start="@1599501689147" delta="3" flag="A" />
  <time id="35" path="/Non Project/PSP Training/Program 3/Code" start="@1599518638865" delta="30" interrupt="3" flag="A" />
  <time id="36" path="/Non Project/PSP Training/Program 3/Code" start="@1599521532107" delta="7" flag="A" />
  <time id="37" path="/Non Project/PSP Training/Program 3/Code" start="@1599523004709" delta="3" flag="A" />
  <time id="38" path="/Non Project/PSP Training/Program 3/Code" start="@1599526461071" delta="13" flag="A" />
  <time id="39" path="/Non Project/PSP Training/Program 3/Code" start="@1599528308073" delta="10" flag="A" />
  <time id="40" path="/Non Project/PSP Training/Program 3/Code Review" start="@1599529014279" delta="7" flag="A" />
  <time id="41" path="/Non Project/PSP Training/Program 3/Test" start="@1599529428298" delta="5" interrupt="7" flag="A" />
  <time id="42" path="/Non Project/PSP Training/Program 3/Postmortem" start="@1599530253009" delta="16" interrupt="1" flag="A" />
</timeLogEntries>
