<?xml version='1.0' encoding='UTF-8' ?>
<timeLogEntries>
  <time id="1" path="/Non Project/PSP Training/Program 1/Planning" start="@1598110260968" delta="6" />
  <time id="2" path="/Non Project/PSP Training/Program 1/Design" start="@1598111092101" delta="5" />
  <time id="3" path="/Non Project/PSP Training/Program 1/Design" start="@1598121313909" delta="5" />
  <time id="4" path="/Non Project/PSP Training/Program 1/Code" start="@1598121830000" delta="32" comment="Initial code" />
  <time id="5" path="/Non Project/PSP Training/Program 1/Code" start="@1598130214000" delta="14" comment="Initial code" />
  <time id="6" path="/Non Project/PSP Training/Program 1/Code" start="@1598134763000" delta="7" comment="Class BlankLines + CommentLines" />
  <time id="12" path="/Non Project/PSP Training/Program 1/Test" start="@1598206058503" delta="10" comment="Fix bug" />
  <time id="13" path="/Non Project/PSP Training/Program 1/Test" start="@1598207031593" delta="2" />
  <time id="14" path="/Non Project/PSP Training/Program 1/Postmortem" start="@1598207268085" delta="10" />
  <time id="15" path="/Non Project/PSP Training/Program 1/Postmortem" start="@1598208625683" delta="4" />
</timeLogEntries>
