<?xml version='1.0' encoding='UTF-8' ?>
<timeLogEntries>
  <time id="1" path="/Non Project/PSP Training/Program 1/Planning" start="@1598110260968" delta="6" />
  <time id="2" path="/Non Project/PSP Training/Program 1/Design" start="@1598111092101" delta="5" />
  <time id="3" path="/Non Project/PSP Training/Program 1/Design" start="@1598121313909" delta="5" />
  <time id="4" path="/Non Project/PSP Training/Program 1/Code" start="@1598121830000" delta="32" comment="Initial code" />
  <time id="5" path="/Non Project/PSP Training/Program 1/Code" start="@1598130214000" delta="14" comment="Bug fix" />
  <time id="6" path="/Non Project/PSP Training/Program 1/Code" start="@1598134763000" delta="4" comment="Class BlankLines" />
  <time id="7" path="/Non Project/PSP Training/Program 1/Compile" start="@1598135005872" delta="1" comment="Class BlankLines" />
  <time id="8" path="/Non Project/PSP Training/Program 1/Code" start="@1598135918703" delta="3" comment="Class CommentLines" />
  <time id="9" path="/Non Project/PSP Training/Program 1/Compile" start="@1598136123000" delta="1" comment="Class CommentLines" />
  <time id="10" path="/Non Project/PSP Training/Program 1/Compile" start="@1598131064000" delta="1" comment="Bug fix" />
  <time id="11" path="/Non Project/PSP Training/Program 1/Compile" start="@1598123760000" delta="1" comment="Initial code // Se detectó un bug" />
  <time id="12" path="/Non Project/PSP Training/Program 1/Test" start="@1598206058503" delta="2" />
  <time id="13" path="/Non Project/PSP Training/Program 1/Test" start="@1598207031593" delta="2" />
  <time id="14" path="/Non Project/PSP Training/Program 1/Postmortem" start="@1598207268085" delta="10" />
  <time id="15" path="/Non Project/PSP Training/Program 1/Postmortem" start="@1598208625683" delta="4" />
</timeLogEntries>
