<?xml version='1.0' encoding='UTF-8' ?>
<timeLogEntries>
  <time id="82" path="/Non Project/PSP Training/Program 7/Planning" start="@1604258406864" delta="12" flag="A" />
  <time id="83" path="/Non Project/PSP Training/Program 7/Design" start="@1604259155836" delta="7" flag="A" />
  <time id="84" path="/Non Project/PSP Training/Program 7/Design" start="@1604263123683" delta="6" flag="A" />
  <time id="85" path="/Non Project/PSP Training/Program 7/Design" start="@1604264292774" delta="7" flag="A" />
  <time id="86" path="/Non Project/PSP Training/Program 7/Design" start="@1604266434336" delta="11" flag="A" />
  <time id="87" path="/Non Project/PSP Training/Program 7/Design Review" start="@1604267642984" delta="7" flag="A" />
  <time id="88" path="/Non Project/PSP Training/Program 7/Code" start="@1604268084179" delta="28" flag="A" />
  <time id="89" path="/Non Project/PSP Training/Program 7/Code Review" start="@1604272636550" delta="5" flag="A" />
  <time id="90" path="/Non Project/PSP Training/Program 7/Test" start="@1604272941717" delta="4" flag="A" />
  <time id="91" path="/Non Project/PSP Training/Program 7/Postmortem" start="@1604273183364" delta="11" flag="A" />
</timeLogEntries>
